{"cameraMode":{"drawMode":0,"name":"Shaded","section":"Shading Mode"},"sceneLighting":true,"audioPlay":false,"sceneViewState":{"m_AlwaysRefresh":false,"showFog":true,"showSkybox":true,"showFlares":true,"showImageEffects":true,"showParticleSystems":true,"showVisualEffectGraphs":true,"m_FxEnabled":true},"in2DMode":false,"pivot":{"x":-37.830448150634769,"y":3.143458604812622,"z":-23.036691665649415},"rotation":{"x":-0.025206808000802995,"y":0.32735928893089297,"z":0.00876658782362938,"w":0.9445537328720093},"size":0.37939897179603579,"orthographic":false}